{
  "meta": {
    "version": 1,
    "generated": "2025-09-25T00:00:00Z",
    "title": "Sample Drakensberg Adventure",
    "timezone": "Africa/Johannesburg"
  },
  "items": [
    {
      "id": "day1-hike1",
      "day": 1,
      "title": "Royal Natal Gorge Hike",
      "description": "Scenic hike through the gorge with waterfall viewpoints.",
      "start": "2025-10-05T07:30:00+02:00",
      "end": "2025-10-05T12:30:00+02:00",
      "lat": -28.6805,
      "lng": 28.9321,
      "location": "Royal Natal National Park",
      "type": "hike",
      "trailProvider": "alltrails",
      "trailUrl": "https://www.alltrails.com/trail/south-africa/royal-natal-gorge",
      "distanceKm": 11.4,
      "elevationGainM": 420,
      "tags": ["scenic", "moderate"],
      "notes": "Bring 2L water, light jacket, and snacks."
    },
    {
      "id": "day1-lunch",
      "day": 1,
      "title": "Picnic Lunch Riverside",
      "description": "Packed picnic near Tugela River viewpoint.",
      "start": "2025-10-05T12:40:00+02:00",
      "end": "2025-10-05T13:30:00+02:00",
      "location": "Tugela Picnic Spot",
      "type": "meal",
      "tags": ["outdoor", "casual"],
      "notes": "Check weather for wind; secure wrappers."
    },
    {
      "id": "day1-lodge",
      "day": 1,
      "title": "Check-in Mountain Lodge",
      "description": "Relax + gear check for next day trek.",
      "start": "2025-10-05T15:00:00+02:00",
      "end": "2025-10-05T16:00:00+02:00",
      "location": "Amphitheatre Mountain Lodge",
      "type": "lodging",
      "tags": ["rest"],
      "notes": "Confirm breakfast time at reception."
    },
    {
      "id": "day2-hike1",
      "day": 2,
      "title": "Amphitheatre Summit Trek",
      "description": "Long ascent to the plateau; chain ladders optional route.",
      "start": "2025-10-06T06:15:00+02:00",
      "end": "2025-10-06T14:45:00+02:00",
      "lat": -28.7502,
      "lng": 28.8874,
      "location": "Sentinel Car Park (Start)",
      "type": "hike",
      "trailProvider": "komoot",
      "trailUrl": "https://www.komoot.com/tour/123456789",
      "distanceKm": 18.2,
      "elevationGainM": 950,
      "tags": ["difficult", "summit"],
      "notes": "Start early; weather shifts quickly near summit."
    },
    {
      "id": "day2-dinner",
      "day": 2,
      "title": "Dinner at Lodge Restaurant",
      "description": "Local trout and seasonal vegetables.",
      "start": "2025-10-06T19:00:00+02:00",
      "end": "2025-10-06T20:30:00+02:00",
      "location": "Amphitheatre Mountain Lodge",
      "type": "meal",
      "tags": ["dining"],
      "notes": "Reserve table during check-in."
    }
  ]
}
